province_name,constituency,vote_track,voters_came,good_votes,invalid_votes,no_votes
กรุงเทพมหานคร,1,party_list,82421,78517,1726,2178
กรุงเทพมหานคร,2,party_list,90181,86220,1516,2445
กรุงเทพมหานคร,3,party_list,82361,78875,1453,2033
กรุงเทพมหานคร,4,party_list,82948,79302,1703,1943
กรุงเทพมหานคร,5,party_list,96559,92886,1462,2211
กรุงเทพมหานคร,6,party_list,100872,96499,1835,2538
กรุงเทพมหานคร,7,party_list,92497,88053,1672,2772
กรุงเทพมหานคร,8,party_list,104633,100236,1639,2758
กรุงเทพมหานคร,9,party_list,102720,98361,1557,2802
กรุงเทพมหานคร,10,party_list,99657,94890,1779,2987
กรุงเทพมหานคร,11,party_list,100367,96112,1769,2486
กรุงเทพมหานคร,12,party_list,111029,106754,1499,2776
กรุงเทพมหานคร,13,party_list,97065,93463,1380,2222
กรุงเทพมหานคร,14,party_list,99223,95365,1537,2321
กรุงเทพมหานคร,15,party_list,92121,88172,1581,2368
กรุงเทพมหานคร,16,party_list,100556,96550,1437,2569
กรุงเทพมหานคร,17,party_list,79075,73773,2180,3122
กรุงเทพมหานคร,18,party_list,87057,82064,2230,2763
กรุงเทพมหานคร,19,party_list,98920,95000,1570,2350
กรุงเทพมหานคร,20,party_list,87486,83120,1904,2462
กรุงเทพมหานคร,21,party_list,96860,92788,1517,2554
กรุงเทพมหานคร,22,party_list,92301,88283,1503,2515
กรุงเทพมหานคร,23,party_list,100477,96512,1321,2644
กรุงเทพมหานคร,24,party_list,96919,92221,1814,2884
กรุงเทพมหานคร,25,party_list,89687,85329,1910,2448
กรุงเทพมหานคร,26,party_list,97121,92428,2079,2614
กรุงเทพมหานคร,27,party_list,96276,91873,1780,2623
กรุงเทพมหานคร,28,party_list,99509,94612,1949,2948
กรุงเทพมหานคร,29,party_list,103966,98610,2373,2983
กรุงเทพมหานคร,30,party_list,99352,94745,1900,2707
กรุงเทพมหานคร,31,party_list,107447,101855,2072,3520
กรุงเทพมหานคร,32,party_list,93917,88915,2107,2895
กรุงเทพมหานคร,33,party_list,102628,97764,1892,2972
สมุทรปราการ,1,party_list,97100,90939,3047,3114
สมุทรปราการ,2,party_list,96319,89972,3075,3272
สมุทรปราการ,3,party_list,96436,90899,2252,3285
สมุทรปราการ,4,party_list,100463,95537,1705,3221
สมุทรปราการ,5,party_list,111240,104952,2210,4078
สมุทรปราการ,6,party_list,91647,85109,3421,3117
สมุทรปราการ,7,party_list,105577,98264,3291,4022
สมุทรปราการ,8,party_list,111858,104242,4044,3572
นนทบุรี,1,party_list,101512,96610,1903,2999
นนทบุรี,2,party_list,88604,83688,1809,3107
นนทบุรี,3,party_list,106780,100706,2231,3843
นนทบุรี,4,party_list,92680,88001,1706,2973
นนทบุรี,5,party_list,104631,98812,2432,3387
นนทบุรี,6,party_list,110021,103361,2576,4084
นนทบุรี,7,party_list,103313,96807,2544,3962
นนทบุรี,8,party_list,96509,90783,2555,3171
ปทุมธานี,1,party_list,102636,95730,3358,3548
ปทุมธานี,2,party_list,102812,96562,3225,3025
ปทุมธานี,3,party_list,93799,88780,1840,3179
ปทุมธานี,4,party_list,98896,93513,2473,2910
ปทุมธานี,5,party_list,89639,85017,1838,2784
ปทุมธานี,6,party_list,91433,87165,1489,2779
ปทุมธานี,7,party_list,92139,86555,2885,2699
ปทุมธานี,8,party_list,92701,86370,3575,2756
พระนครศรีอยุธยา,1,party_list,106326,97560,4398,4468
พระนครศรีอยุธยา,2,party_list,102658,92649,5739,4270
พระนครศรีอยุธยา,3,party_list,107866,99534,4733,3599
พระนครศรีอยุธยา,4,party_list,114346,106381,4351,3614
พระนครศรีอยุธยา,5,party_list,105917,97187,5586,3144
อ่างทอง,1,party_list,85616,78304,4357,2955
อ่างทอง,2,party_list,86378,78266,5357,2755
ลพบุรี,1,party_list,110263,98815,6429,5019
ลพบุรี,2,party_list,118851,107859,6589,4403
ลพบุรี,3,party_list,105930,96662,6371,2897
ลพบุรี,4,party_list,116195,105484,7267,3444
สิงห์บุรี,1,party_list,127309,114741,7036,5532
ชัยนาท,1,party_list,94468,84121,5608,4739
ชัยนาท,2,party_list,95079,84197,7016,3866
สระบุรี,1,party_list,98444,89500,4541,4402
สระบุรี,2,party_list,107815,97624,6242,3949
สระบุรี,3,party_list,99297,89827,5123,4347
สระบุรี,4,party_list,100197,89044,5645,5508
ชลบุรี,1,party_list,104346,98214,3108,3024
ชลบุรี,2,party_list,84051,79159,2290,2602
ชลบุรี,3,party_list,98529,91927,3382,3220
ชลบุรี,4,party_list,88809,80879,4979,2951
ชลบุรี,5,party_list,103979,95056,5121,3802
ชลบุรี,6,party_list,96545,90677,3018,2850
ชลบุรี,7,party_list,88766,83989,2295,2482
ชลบุรี,8,party_list,94307,88210,3271,2826
ชลบุรี,9,party_list,69179,65089,2010,2080
ชลบุรี,10,party_list,89098,82021,2723,4354
ระยอง,1,party_list,91421,86337,2322,2762
ระยอง,2,party_list,77741,72857,2183,2701
ระยอง,3,party_list,85323,77652,3657,4014
ระยอง,4,party_list,84724,88462,3406,2856
ระยอง,5,party_list,89548,83541,3110,2897
จันทบุรี,1,party_list,110531,100429,4473,5629
จันทบุรี,2,party_list,102880,91950,5530,5400
จันทบุรี,3,party_list,101001,90597,5733,4671
ตราด,1,party_list,125215,114946,6120,4149
ฉะเชิงเทรา,1,party_list,110016,100617,4049,5350
ฉะเชิงเทรา,2,party_list,118519,107806,6636,4075
ฉะเชิงเทรา,3,party_list,104600,94168,6896,3536
ฉะเชิงเทรา,4,party_list,122283,111464,6509,4310
ปราจีนบุรี,1,party_list,94811,84899,4566,5346
ปราจีนบุรี,2,party_list,108243,99428,5175,3640
ปราจีนบุรี,3,party_list,93849,84893,5140,3816
นครนายก,1,party_list,82830,74982,4579,3269
นครนายก,2,party_list,87699,79406,5064,3229
สระแก้ว,1,party_list,97583,88432,5988,3163
สระแก้ว,2,party_list,97464,89341,4936,3187
สระแก้ว,3,party_list,101937,92333,6205,3399
นครราชสีมา,1,party_list,90557,83542,2694,4321
นครราชสีมา,2,party_list,105849,96874,4214,4761
นครราชสีมา,3,party_list,102530,93802,4294,4434
นครราชสีมา,4,party_list,93980,85195,4683,4102
นครราชสีมา,5,party_list,95131,86005,5849,3277
นครราชสีมา,6,party_list,85762,79241,4838,1683
นครราชสีมา,7,party_list,81993,75590,4463,1940
นครราชสีมา,8,party_list,88227,80704,4520,3003
นครราชสีมา,9,party_list,92484,85355,5140,1989
นครราชสีมา,10,party_list,112031,101587,6762,3682
นครราชสีมา,11,party_list,93602,84866,5329,3407
นครราชสีมา,12,party_list,94858,85430,5872,3556
นครราชสีมา,13,party_list,78490,69798,5171,3521
นครราชสีมา,14,party_list,83594,75906,3781,3907
นครราชสีมา,15,party_list,99861,92072,5696,2093
นครราชสีมา,16,party_list,89343,81924,5370,2049
บุรีรัมย์,1,party_list,86183,80645,3698,1840
บุรีรัมย์,2,party_list,81656,75773,4324,1559
บุรีรัมย์,3,party_list,77430,72834,3622,974
บุรีรัมย์,4,party_list,74514,69590,3723,1201
บุรีรัมย์,5,party_list,82315,76953,3841,1521
บุรีรัมย์,6,party_list,79738,74605,3578,1555
บุรีรัมย์,7,party_list,80097,74639,3961,1497
บุรีรัมย์,8,party_list,85266,78587,4384,2295
บุรีรัมย์,9,party_list,79747,73596,4448,1703
บุรีรัมย์,10,party_list,74757,69607,3791,1359
สุรินทร์,1,party_list,94060,87126,4039,2895
สุรินทร์,2,party_list,95001,88367,4756,1878
สุรินทร์,3,party_list,84654,78837,4074,1743
สุรินทร์,4,party_list,85084,79794,3634,1656
สุรินทร์,5,party_list,82574,77102,4414,1058
สุรินทร์,6,party_list,81526,75723,4392,1411
สุรินทร์,7,party_list,91439,85211,4423,1805
สุรินทร์,8,party_list,85240,78886,4605,1749
ศรีสะเกษ,1,party_list,98768,92842,4099,1827
ศรีสะเกษ,2,party_list,85060,79352,4128,1580
ศรีสะเกษ,3,party_list,82061,75333,4816,1912
ศรีสะเกษ,4,party_list,82769,76539,4624,1606
ศรีสะเกษ,5,party_list,85063,78316,5120,1627
ศรีสะเกษ,6,party_list,83911,77850,4905,1156
ศรีสะเกษ,7,party_list,84203,78925,4270,1008
ศรีสะเกษ,8,party_list,89354,83511,4162,1681
ศรีสะเกษ,9,party_list,93002,87485,3885,1632
อุบลราชธานี,1,party_list,99551,92206,3139,4106
อุบลราชธานี,2,party_list,97134,90040,4165,2929
อุบลราชธานี,3,party_list,93751,86350,4485,2916
อุบลราชธานี,4,party_list,112955,103550,5080,4325
อุบลราชธานี,5,party_list,86404,80187,4168,2049
อุบลราชธานี,6,party_list,83930,77173,5162,1595
อุบลราชธานี,7,party_list,90567,84963,4240,1364
อุบลราชธานี,8,party_list,92164,85355,4698,2111
อุบลราชธานี,9,party_list,83647,77473,4786,1388
อุบลราชธานี,10,party_list,93234,87008,4729,1497
อุบลราชธานี,11,party_list,85958,78793,4742,2423
ยโสธร,1,party_list,105737,99617,4066,2054
ยโสธร,2,party_list,94115,89211,3614,1290
ยโสธร,3,party_list,99569,93788,4069,1712
ชัยภูมิ,1,party_list,88777,81337,4386,3054
ชัยภูมิ,2,party_list,87136,79374,4999,2763
ชัยภูมิ,3,party_list,80751,73106,5668,1977
ชัยภูมิ,4,party_list,76539,70825,4413,1301
ชัยภูมิ,5,party_list,89483,82473,5362,1646
ชัยภูมิ,6,party_list,89259,81810,5691,1758
ชัยภูมิ,7,party_list,84732,78848,4399,1485
อำนาจเจริญ,1,party_list,97675,91168,4066,2441
อำนาจเจริญ,2,party_list,103473,95867,5084,2522
บึงกาฬ,1,party_list,74245,69694,3156,1395
บึงกาฬ,2,party_list,75005,70564,3295,1145
บึงกาฬ,3,party_list,76221,71066,3410,1745
หนองบัวลำภู,1,party_list,91463,85052,4425,1986
หนองบัวลำภู,2,party_list,83652,78144,4125,1382
หนองบัวลำภู,3,party_list,82630,76807,4279,1544
ขอนแก่น,1,party_list,91147,85337,2909,2901
ขอนแก่น,2,party_list,105501,98548,3524,3429
ขอนแก่น,3,party_list,90629,84521,4458,1650
ขอนแก่น,4,party_list,95728,88920,4733,2075
ขอนแก่น,5,party_list,85146,79025,4885,1236
ขอนแก่น,6,party_list,86154,79070,5066,2018
ขอนแก่น,7,party_list,90247,83257,5120,1870
ขอนแก่น,8,party_list,96586,89655,4641,2290
ขอนแก่น,9,party_list,85016,80096,3898,1022
ขอนแก่น,10,party_list,89102,83642,4486,974
ขอนแก่น,11,party_list,82562,76425,4482,1655
อุดรธานี,1,party_list,84507,79136,2248,3123
อุดรธานี,2,party_list,89477,82886,4035,2556
อุดรธานี,3,party_list,79801,74655,4002,1143
อุดรธานี,4,party_list,74871,69833,3910,1128
อุดรธานี,5,party_list,73659,68942,3466,1250
อุดรธานี,6,party_list,80787,75973,3536,1278
อุดรธานี,7,party_list,77512,72005,3585,1922
อุดรธานี,8,party_list,76245,70133,4385,1727
อุดรธานี,9,party_list,80810,74887,4057,1866
อุดรธานี,10,party_list,79295,73021,4356,1918
เลย,1,party_list,93879,86344,4372,3164
เลย,2,party_list,83494,75485,5168,2841
เลย,3,party_list,91957,83264,5544,3099
เลย,4,party_list,85019,76593,5362,3064
หนองคาย,1,party_list,95510,88417,4753,2340
หนองคาย,2,party_list,85702,79751,4715,1236
หนองคาย,3,party_list,87064,80364,4505,2195
มหาสารคาม,1,party_list,90568,84685,3371,2512
มหาสารคาม,2,party_list,82745,77478,3814,1453
มหาสารคาม,3,party_list,87676,83196,3505,975
มหาสารคาม,4,party_list,84946,79695,4101,1150
มหาสารคาม,5,party_list,84700,78705,3676,2319
มหาสารคาม,6,party_list,91663,85988,4068,1607
ร้อยเอ็ด,1,party_list,94577,89040,3312,2225
ร้อยเอ็ด,2,party_list,91762,86127,4016,1619
ร้อยเอ็ด,3,party_list,85668,80053,3999,1616
ร้อยเอ็ด,4,party_list,83975,79301,3340,1334
ร้อยเอ็ด,5,party_list,79956,74715,3208,2033
ร้อยเอ็ด,6,party_list,81279,76819,3194,1266
ร้อยเอ็ด,7,party_list,84921,80966,3109,846
ร้อยเอ็ด,8,party_list,89205,84903,3126,1176
กาฬสินธุ์,1,party_list,90138,82880,4696,2562
กาฬสินธุ์,2,party_list,82224,76444,3997,1783
กาฬสินธุ์,3,party_list,82445,75717,4820,1908
กาฬสินธุ์,4,party_list,90104,83586,4743,1775
กาฬสินธุ์,5,party_list,93902,87638,4515,1749
กาฬสินธุ์,6,party_list,95811,89550,4604,1657
สกลนคร,1,party_list,96161,89020,3791,3349
สกลนคร,2,party_list,88996,83303,3902,1791
สกลนคร,3,party_list,86140,79788,3591,2761
สกลนคร,4,party_list,83326,76144,4045,3137
สกลนคร,5,party_list,83538,78298,3643,1597
สกลนคร,6,party_list,80512,75630,3150,1732
สกลนคร,7,party_list,76157,71983,3623,551
นครพนม,1,party_list,98498,92903,4490,1105
นครพนม,2,party_list,94214,86927,4599,2688
นครพนม,3,party_list,94066,88074,4106,1886
นครพนม,4,party_list,96215,90744,4001,1470
มุกดาหาร,1,party_list,104804,97368,5024,2412
มุกดาหาร,2,party_list,100884,93394,5240,2250
เชียงใหม่,1,party_list,103011,96338,2642,4031
เชียงใหม่,2,party_list,113527,104169,3895,5463
เชียงใหม่,3,party_list,111505,102183,4359,4963
เชียงใหม่,4,party_list,115491,107169,3710,4612
เชียงใหม่,5,party_list,102642,93381,4942,4319
เชียงใหม่,6,party_list,91405,82957,5670,2778
เชียงใหม่,7,party_list,98463,89283,6216,2964
เชียงใหม่,8,party_list,116389,106796,4877,4716
เชียงใหม่,9,party_list,105624,96856,5659,3109
เชียงใหม่,10,party_list,91752,83963,6489,1300
ลำพูน,1,party_list,140618,127949,5987,6682
ลำพูน,2,party_list,131679,118060,8173,5446
ลำปาง,1,party_list,112099,102321,4276,5502
ลำปาง,2,party_list,111667,100997,6936,3734
ลำปาง,3,party_list,112970,101555,5993,5422
ลำปาง,4,party_list,115740,105524,6688,3528
อุตรดิตถ์,1,party_list,87587,80582,4107,2897
อุตรดิตถ์,2,party_list,83114,74563,5243,3308
อุตรดิตถ์,3,party_list,84565,76848,4226,3491
แพร่,1,party_list,98225,92182,3505,2538
แพร่,2,party_list,88953,83006,4148,1799
แพร่,3,party_list,84245,76597,4582,3066
น่าน,1,party_list,107201,97503,4676,5022
น่าน,2,party_list,98560,90844,4105,3611
น่าน,3,party_list,89545,81284,4915,3346
พะเยา,1,party_list,94639,92867,3581,2105
พะเยา,2,party_list,96038,89511,4411,2116
พะเยา,3,party_list,97854,90428,5204,2222
เชียงราย,1,party_list,109303,100279,4331,4693
เชียงราย,2,party_list,100737,91960,5143,3634
เชียงราย,3,party_list,104927,95336,6268,3323
เชียงราย,4,party_list,107048,98804,4875,3369
เชียงราย,5,party_list,99605,92525,4312,2768
เชียงราย,6,party_list,85894,78227,4825,2842
เชียงราย,7,party_list,97666,88463,5624,3579
แม่ฮ่องสอน,1,party_list,68159,62848,3036,2275
แม่ฮ่องสอน,2,party_list,74409,68280,4732,1397
นครสวรรค์,1,party_list,99113,91547,3840,3726
นครสวรรค์,2,party_list,104185,94978,6300,2907
นครสวรรค์,3,party_list,100028,90037,6512,3479
นครสวรรค์,4,party_list,92412,83094,6953,2365
นครสวรรค์,5,party_list,94811,85271,6456,3084
นครสวรรค์,6,party_list,90286,81637,6832,1817
อุทัยธานี,1,party_list,84560,77569,4102,2889
อุทัยธานี,2,party_list,83898,77279,4250,2369
กำแพงเพชร,1,party_list,101442,91168,6367,3907
กำแพงเพชร,2,party_list,105321,94653,7616,3052
กำแพงเพชร,3,party_list,91355,81932,6661,2762
กำแพงเพชร,4,party_list,93620,84498,6546,2576
ตาก,1,party_list,105329,94793,6201,4335
ตาก,2,party_list,89209,78750,6051,4408
ตาก,3,party_list,96512,87421,6786,2305
สุโขทัย,1,party_list,84340,75861,4950,3529
สุโขทัย,2,party_list,78246,70647,5228,2371
สุโขทัย,3,party_list,83731,74676,5406,3649
สุโขทัย,4,party_list,87669,80489,5164,2016
พิษณุโลก,1,party_list,99468,90992,3460,5016
พิษณุโลก,2,party_list,101319,90654,5176,5489
พิษณุโลก,3,party_list,94938,85820,6469,2649
พิษณุโลก,4,party_list,94492,86559,5614,2319
พิษณุโลก,5,party_list,94537,85739,5713,3085
พิจิตร,1,party_list,100830,91071,6323,3436
พิจิตร,2,party_list,91079,82191,6237,2651
พิจิตร,3,party_list,100598,91584,6773,2241
เพชรบูรณ์,1,party_list,88739,80482,4651,3606
เพชรบูรณ์,2,party_list,100198,91409,5986,2803
เพชรบูรณ์,3,party_list,92278,83320,5865,3093
เพชรบูรณ์,4,party_list,78124,70550,5347,2227
เพชรบูรณ์,5,party_list,81841,74502,4903,2436
เพชรบูรณ์,6,party_list,87505,79123,5895,2387
ราชบุรี,1,party_list,106701,96579,4836,5286
ราชบุรี,2,party_list,101443,89744,6388,5311
ราชบุรี,3,party_list,110523,98080,6503,5940
ราชบุรี,4,party_list,112928,102853,5818,4257
ราชบุรี,5,party_list,114688,104714,6231,3743
กาญจนบุรี,1,party_list,96563,86461,4938,5164
กาญจนบุรี,2,party_list,103736,94230,5775,3731
กาญจนบุรี,3,party_list,113958,104226,6433,3299
กาญจนบุรี,4,party_list,93526,82014,7657,3855
กาญจนบุรี,5,party_list,89052,81443,5480,2129
สุพรรณบุรี,1,party_list,102476,93897,4799,3780
สุพรรณบุรี,2,party_list,91578,84219,4304,3055
สุพรรณบุรี,3,party_list,106772,97354,6610,2808
สุพรรณบุรี,4,party_list,99626,90149,6493,2984
สุพรรณบุรี,5,party_list,104630,98533,5943,4154
นครปฐม,1,party_list,104422,95758,4384,4280
นครปฐม,2,party_list,96412,87501,4178,4733
นครปฐม,3,party_list,91278,82640,4668,3970
นครปฐม,4,party_list,105127,96709,5067,3351
นครปฐม,5,party_list,107208,98825,4474,3909
นครปฐม,6,party_list,97368,91036,2904,3428
สมุทรสาคร,1,party_list,88046,82271,2565,3210
สมุทรสาคร,2,party_list,85606,79368,3130,3108
สมุทรสาคร,3,party_list,81871,76686,2506,2679
สมุทรสาคร,4,party_list,84850,77338,4189,3323
สมุทรสงคราม,1,party_list,113409,103219,5056,5134
เพชรบุรี,1,party_list,99383,90344,4750,4289
เพชรบุรี,2,party_list,105819,96107,5665,4047
เพชรบุรี,3,party_list,103294,93375,5599,4320
ประจวบคีรีขันธ์,1,party_list,118298,107999,6984,3313
ประจวบคีรีขันธ์,2,party_list,103564,95554,4545,3465
ประจวบคีรีขันธ์,3,party_list,103420,96330,4931,2159
นครศรีธรรมราช,1,party_list,99799,94145,3158,2495
นครศรีธรรมราช,2,party_list,100576,94553,3650,2373
นครศรีธรรมราช,3,party_list,98207,93454,3526,1227
นครศรีธรรมราช,4,party_list,103161,98120,3372,1669
นครศรีธรรมราช,5,party_list,106726,100951,3098,2677
นครศรีธรรมราช,6,party_list,105027,100145,3249,1633
นครศรีธรรมราช,7,party_list,99078,91334,3743,4000
นครศรีธรรมราช,8,party_list,99928,94013,3782,2133
นครศรีธรรมราช,9,party_list,102098,97194,3255,1649
กระบี่,1,party_list,97430,91354,3424,2652
กระบี่,2,party_list,86116,81262,2948,1906
กระบี่,3,party_list,94677,89432,3260,1985
พังงา,1,party_list,74405,69369,2614,2422
พังงา,2,party_list,83092,76833,3361,2898
ภูเก็ต,1,party_list,72891,68696,1950,2245
ภูเก็ต,2,party_list,71865,67306,1883,2676
ภูเก็ต,3,party_list,82182,76649,2319,3214
สุราษฎร์ธานี,1,party_list,83141,78960,1656,2525
สุราษฎร์ธานี,2,party_list,86508,82013,2722,1773
สุราษฎร์ธานี,3,party_list,94208,89194,3047,1967
สุราษฎร์ธานี,4,party_list,98789,94398,2813,1578
สุราษฎร์ธานี,5,party_list,93876,89097,3076,1703
สุราษฎร์ธานี,6,party_list,102222,97297,3515,1410
สุราษฎร์ธานี,7,party_list,96637,91966,2846,1825
ระนอง,1,party_list,96299,89474,3703,3122
ชุมพร,1,party_list,104169,98390,3052,2727
ชุมพร,2,party_list,107786,101680,3781,2326
ชุมพร,3,party_list,101286,95882,3303,2101
สงขลา,1,party_list,97310,90673,3039,3598
สงขลา,2,party_list,82761,78784,1830,2147
สงขลา,3,party_list,105979,99690,2783,3506
สงขลา,4,party_list,101440,95827,3935,1678
สงขลา,5,party_list,104525,97917,3923,2685
สงขลา,6,party_list,93834,88842,3164,1828
สงขลา,7,party_list,98801,93037,4053,1711
สงขลา,8,party_list,99959,94208,4014,1737
สงขลา,9,party_list,110450,104388,3119,2943
สตูล,1,party_list,88455,81811,3570,3074
สตูล,2,party_list,99320,92747,3464,3109
ตรัง,1,party_list,99277,93222,2612,3443
ตรัง,2,party_list,101194,95905,2944,2345
ตรัง,3,party_list,95235,89986,2813,2436
ตรัง,4,party_list,99517,94473,2891,2153
พัทลุง,1,party_list,113467,108460,3275,2132
พัทลุง,2,party_list,122373,116799,3700,1874
พัทลุง,3,party_list,116554,110887,3653,2014
ปัตตานี,1,party_list,74216,68916,3270,2030
ปัตตานี,2,party_list,81515,75538,4321,1656
ปัตตานี,3,party_list,70192,65313,3721,1158
ปัตตานี,4,party_list,83824,78483,4144,1197
ปัตตานี,5,party_list,78514,72841,4443,1230
ยะลา,1,party_list,98981,91456,4121,3404
ยะลา,2,party_list,96577,88810,5681,2086
ยะลา,3,party_list,95519,87935,4803,2781
นราธิวาส,1,party_list,99498,91272,5929,2297
นราธิวาส,2,party_list,77970,70908,4933,2129
นราธิวาส,3,party_list,82911,77064,4914,933
นราธิวาส,4,party_list,86855,81154,4674,1027
นราธิวาส,5,party_list,93603,86796,5493,1314
กรุงเทพมหานคร,1,constituency,82421,77075,1146,4200
กรุงเทพมหานคร,2,constituency,90181,83874,1384,4923
กรุงเทพมหานคร,3,constituency,82361,76775,1425,4161
กรุงเทพมหานคร,4,constituency,82948,77982,1472,3493
กรุงเทพมหานคร,5,constituency,96561,90792,1289,4480
กรุงเทพมหานคร,6,constituency,100871,94391,1412,5068
กรุงเทพมหานคร,7,constituency,92497,85181,1649,5667
กรุงเทพมหานคร,8,constituency,104633,96755,1622,6256
กรุงเทพมหานคร,9,constituency,102720,95111,1599,6010
กรุงเทพมหานคร,10,constituency,99657,91913,1521,6223
กรุงเทพมหานคร,11,constituency,100367,94993,1207,4167
กรุงเทพมหานคร,12,constituency,111029,103439,1601,5989
กรุงเทพมหานคร,13,constituency,97065,90508,1315,5242
กรุงเทพมหานคร,14,constituency,99223,93467,1431,4325
กรุงเทพมหานคร,15,constituency,92122,85901,1329,4892
กรุงเทพมหานคร,16,constituency,100557,94218,1438,4901
กรุงเทพมหานคร,17,constituency,79075,71720,1965,5390
กรุงเทพมหานคร,18,constituency,87055,80204,1421,5430
กรุงเทพมหานคร,19,constituency,98920,92191,1634,5095
กรุงเทพมหานคร,20,constituency,87486,81935,1769,3782
กรุงเทพมหานคร,21,constituency,96860,91346,1450,4063
กรุงเทพมหานคร,22,constituency,92301,85558,1511,5232
กรุงเทพมหานคร,23,constituency,100477,94233,1073,5171
กรุงเทพมหานคร,24,constituency,96919,89356,1902,5661
กรุงเทพมหานคร,25,constituency,89687,84112,1443,4132
กรุงเทพมหานคร,26,constituency,97121,90037,1820,5264
กรุงเทพมหานคร,27,constituency,96276,90381,1564,4331
กรุงเทพมหานคร,28,constituency,99509,91560,2003,5946
กรุงเทพมหานคร,29,constituency,103966,96248,1896,5822
กรุงเทพมหานคร,30,constituency,99352,92533,1464,5355
กรุงเทพมหานคร,31,constituency,107547,98491,1993,6963
กรุงเทพมหานคร,32,constituency,93917,85631,2233,6053
กรุงเทพมหานคร,33,constituency,102628,94416,2142,6070
สมุทรปราการ,1,constituency,97099,87879,4260,4960
สมุทรปราการ,2,constituency,96319,89135,2529,4655
สมุทรปราการ,3,constituency,96436,88488,2383,5565
สมุทรปราการ,4,constituency,100463,92620,1776,6067
สมุทรปราการ,5,constituency,111240,100245,2869,8126
สมุทรปราการ,6,constituency,91647,84514,2714,4419
สมุทรปราการ,7,constituency,105577,97691,2752,5134
สมุทรปราการ,8,constituency,111859,103041,3435,5383
นนทบุรี,1,constituency,101511,93883,1731,5897
นนทบุรี,2,constituency,88604,81123,1807,5674
นนทบุรี,3,constituency,106780,96521,2416,7843
นนทบุรี,4,constituency,92680,85203,2198,5279
นนทบุรี,5,constituency,104631,96107,2233,6291
นนทบุรี,6,constituency,110023,99026,3607,7390
นนทบุรี,7,constituency,103313,93993,2687,6633
นนทบุรี,8,constituency,96509,88860,2063,5586
ปทุมธานี,1,constituency,102636,95201,2882,4553
ปทุมธานี,2,constituency,102812,97032,2027,3753
ปทุมธานี,3,constituency,93799,84153,2942,6704
ปทุมธานี,4,constituency,98894,90836,2539,5519
ปทุมธานี,5,constituency,89639,82519,1715,5405
ปทุมธานี,6,constituency,91434,84382,1781,5271
ปทุมธานี,7,constituency,92139,86075,2194,3870
ปทุมธานี,8,constituency,92701,85346,3525,3830
พระนครศรีอยุธยา,1,constituency,106326,97550,3580,5196
พระนครศรีอยุธยา,2,constituency,102658,94398,3577,4683
พระนครศรีอยุธยา,3,constituency,107866,100331,3677,3858
พระนครศรีอยุธยา,4,constituency,114346,106913,3109,4324
พระนครศรีอยุธยา,5,constituency,105917,98383,4482,3051
อ่างทอง,1,constituency,85616,79775,2733,3108
อ่างทอง,2,constituency,86378,79838,3301,3239
ลพบุรี,1,constituency,110263,100109,3831,6323
ลพบุรี,2,constituency,118851,110045,4127,4679
ลพบุรี,3,constituency,105930,99225,3885,2819
ลพบุรี,4,constituency,116195,108277,4834,3084
สิงห์บุรี,1,constituency,127309,114708,5450,7151
ชัยนาท,1,constituency,94469,80770,5718,7981
ชัยนาท,2,constituency,95079,84484,4951,5644
สระบุรี,1,constituency,98444,88053,3702,6689
สระบุรี,2,constituency,107815,99146,4613,4056
สระบุรี,3,constituency,99297,91451,3593,4253
สระบุรี,4,constituency,100197,90067,4340,5790
ชลบุรี,1,constituency,104346,97585,2237,4522
ชลบุรี,2,constituency,84051,78825,1889,3337
ชลบุรี,3,constituency,98529,90301,3292,4936
ชลบุรี,4,constituency,88809,80770,3932,4107
ชลบุรี,5,constituency,103979,95514,3638,4827
ชลบุรี,6,constituency,96545,89423,2214,4908
ชลบุรี,7,constituency,88767,82754,2097,3916
ชลบุรี,8,constituency,94308,86994,3052,4262
ชลบุรี,9,constituency,69180,62409,3133,3638
ชลบุรี,10,constituency,89099,82457,1990,4652
ระยอง,1,constituency,91421,85091,2387,3943
ระยอง,2,constituency,77741,68551,3662,5528
ระยอง,3,constituency,85323,76463,3562,5298
ระยอง,4,constituency,94724,87526,3425,3773
ระยอง,5,constituency,89547,81289,3458,4800
จันทบุรี,1,constituency,110531,100866,3234,6431
จันทบุรี,2,constituency,102880,91807,5014,6059
จันทบุรี,3,constituency,101001,91176,4249,5576
ตราด,1,constituency,125215,115576,4562,5077
ฉะเชิงเทรา,1,constituency,110016,96004,4999,9013
ฉะเชิงเทรา,2,constituency,118518,109828,4435,4255
ฉะเชิงเทรา,3,constituency,104600,93753,5457,5390
ฉะเชิงเทรา,4,constituency,122283,112107,4490,5685
ปราจีนบุรี,1,constituency,94811,82923,3687,8201
ปราจีนบุรี,2,constituency,108244,100450,3515,4279
ปราจีนบุรี,3,constituency,93849,84347,4694,4807
นครนายก,1,constituency,82830,76781,2694,3355
นครนายก,2,constituency,87699,80797,3277,3625
สระแก้ว,1,constituency,97584,89613,3764,4207
สระแก้ว,2,constituency,97464,89351,3874,4239
สระแก้ว,3,constituency,101937,92868,5224,3845
นครราชสีมา,1,constituency,90557,80985,2325,7247
นครราชสีมา,2,constituency,105850,96710,3197,5943
นครราชสีมา,3,constituency,102530,92622,3626,6282
นครราชสีมา,4,constituency,93980,84302,4030,5648
นครราชสีมา,5,constituency,95129,87644,3871,3614
นครราชสีมา,6,constituency,85762,81811,2110,1841
นครราชสีมา,7,constituency,81993,76958,2717,2318
นครราชสีมา,8,constituency,88226,79521,5126,3579
นครราชสีมา,9,constituency,92485,87655,2909,1921
นครราชสีมา,10,constituency,112031,104308,4162,3561
นครราชสีมา,11,constituency,93602,85016,4060,4526
นครราชสีมา,12,constituency,94858,86006,4617,4235
นครราชสีมา,13,constituency,78490,66505,6631,5354
นครราชสีมา,14,constituency,83594,73189,4877,5528
นครราชสีมา,15,constituency,99862,95199,2835,1828
นครราชสีมา,16,constituency,89343,83999,2993,2351
บุรีรัมย์,1,constituency,86182,78889,3720,3573
บุรีรัมย์,2,constituency,81656,75055,3585,3016
บุรีรัมย์,3,constituency,77430,72175,3521,1734
บุรีรัมย์,4,constituency,74514,69445,3181,1888
บุรีรัมย์,5,constituency,82315,76650,3044,2621
บุรีรัมย์,6,constituency,79738,73608,3020,3110
บุรีรัมย์,7,constituency,80097,74537,3080,2480
บุรีรัมย์,8,constituency,85265,78428,3293,3544
บุรีรัมย์,9,constituency,79746,73695,3433,2618
บุรีรัมย์,10,constituency,74757,69176,3075,2506
สุรินทร์,1,constituency,94060,85981,3504,4575
สุรินทร์,2,constituency,95003,89433,3061,2509
สุรินทร์,3,constituency,84655,79639,2774,2242
สุรินทร์,4,constituency,85085,80530,2402,2153
สุรินทร์,5,constituency,82574,79444,2057,1073
สุรินทร์,6,constituency,81526,76550,3169,1807
สุรินทร์,7,constituency,91439,84840,4302,2297
สุรินทร์,8,constituency,85240,78919,4320,2001
ศรีสะเกษ,1,constituency,98770,94666,2365,1739
ศรีสะเกษ,2,constituency,85060,80721,2485,1854
ศรีสะเกษ,3,constituency,82061,76586,3190,2285
ศรีสะเกษ,4,constituency,82768,77864,2762,2142
ศรีสะเกษ,5,constituency,85062,79671,3443,1948
ศรีสะเกษ,6,constituency,83911,79063,3411,1438
ศรีสะเกษ,7,constituency,84203,78631,4351,1221
ศรีสะเกษ,8,constituency,89354,84175,3106,2073
ศรีสะเกษ,9,constituency,93002,88566,2757,1679
อุบลราชธานี,1,constituency,99448,87991,4184,7273
อุบลราชธานี,2,constituency,97134,91206,2402,3526
อุบลราชธานี,3,constituency,93751,86097,3493,4161
อุบลราชธานี,4,constituency,112955,100779,5245,6931
อุบลราชธานี,5,constituency,86404,80991,3073,2340
อุบลราชธานี,6,constituency,83930,78144,4115,1671
อุบลราชธานี,7,constituency,90567,87014,2560,993
อุบลราชธานี,8,constituency,92164,87156,2938,2070
อุบลราชธานี,9,constituency,83647,78470,3831,1346
อุบลราชธานี,10,constituency,93234,85556,5130,2548
อุบลราชธานี,11,constituency,85958,80032,3254,2672
ยโสธร,1,constituency,105736,100743,2894,2099
ยโสธร,2,constituency,94115,90902,1961,1252
ยโสธร,3,constituency,99570,93914,3651,2005
ชัยภูมิ,1,constituency,88777,81673,2894,4210
ชัยภูมิ,2,constituency,87136,79326,4464,3346
ชัยภูมิ,3,constituency,80751,75289,3742,1720
ชัยภูมิ,4,constituency,76539,72809,2736,994
ชัยภูมิ,5,constituency,89483,85450,2651,1382
ชัยภูมิ,6,constituency,89261,83346,3852,2063
ชัยภูมิ,7,constituency,84732,81542,2097,1093
อำนาจเจริญ,1,constituency,97677,91024,2940,3713
อำนาจเจริญ,2,constituency,103473,93862,5715,3896
บึงกาฬ,1,constituency,74245,69624,2929,1692
บึงกาฬ,2,constituency,75005,72072,1869,1064
บึงกาฬ,3,constituency,76221,70033,3741,2447
หนองบัวลำภู,1,constituency,91459,86812,2315,2332
หนองบัวลำภู,2,constituency,83652,79482,2456,1714
หนองบัวลำภู,3,constituency,82630,77865,2915,1850
ขอนแก่น,1,constituency,91147,83007,2621,5519
ขอนแก่น,2,constituency,105501,96299,2789,6413
ขอนแก่น,3,constituency,90629,84748,3972,1909
ขอนแก่น,4,constituency,95728,90702,2779,2247
ขอนแก่น,5,constituency,85145,81109,2579,1457
ขอนแก่น,6,constituency,86154,79916,3802,2436
ขอนแก่น,7,constituency,90247,83207,4413,2627
ขอนแก่น,8,constituency,96586,89683,3629,3274
ขอนแก่น,9,constituency,85016,81101,2531,1384
ขอนแก่น,10,constituency,89102,83757,3964,1381
ขอนแก่น,11,constituency,82562,76313,4128,2121
อุดรธานี,1,constituency,84507,76456,2420,5631
อุดรธานี,2,constituency,89477,82554,3107,3816
อุดรธานี,3,constituency,79803,75808,2548,1446
อุดรธานี,4,constituency,74870,70876,2316,1678
อุดรธานี,5,constituency,73659,69548,2386,1725
อุดรธานี,6,constituency,80892,77405,2375,1112
อุดรธานี,7,constituency,77512,71025,3440,3047
อุดรธานี,8,constituency,76246,71066,2884,2296
อุดรธานี,9,constituency,80810,73427,4633,2750
อุดรธานี,10,constituency,79295,72317,4832,2146
เลย,1,constituency,93879,85064,4573,4242
เลย,2,constituency,83494,72730,6284,4480
เลย,3,constituency,91957,83065,4484,4408
เลย,4,constituency,85019,74118,6443,4458
หนองคาย,1,constituency,95511,88967,3879,2665
หนองคาย,2,constituency,85701,81218,3298,1185
หนองคาย,3,constituency,87064,78176,5458,3430
มหาสารคาม,1,constituency,90569,84916,2106,3547
มหาสารคาม,2,constituency,82745,78715,2177,1853
มหาสารคาม,3,constituency,87676,84786,2024,866
มหาสารคาม,4,constituency,84945,80681,2959,1305
มหาสารคาม,5,constituency,84701,77618,3056,4027
มหาสารคาม,6,constituency,91663,87058,2465,2140
ร้อยเอ็ด,1,constituency,94576,89385,2687,2504
ร้อยเอ็ด,2,constituency,91762,86974,2981,1807
ร้อยเอ็ด,3,constituency,85667,81733,2196,1738
ร้อยเอ็ด,4,constituency,83975,80404,1967,1604
ร้อยเอ็ด,5,constituency,79956,72043,4678,3235
ร้อยเอ็ด,6,constituency,81281,76554,3087,1640
ร้อยเอ็ด,7,constituency,84922,81314,2760,848
ร้อยเอ็ด,8,constituency,89205,85433,2155,1617
กาฬสินธุ์,1,constituency,90137,83744,2808,3585
กาฬสินธุ์,2,constituency,82224,76321,2832,3071
กาฬสินธุ์,3,constituency,82445,78033,2518,1894
กาฬสินธุ์,4,constituency,90104,85649,2514,1941
กาฬสินธุ์,5,constituency,93903,89758,2305,1840
กาฬสินธุ์,6,constituency,95812,91466,2483,1863
สกลนคร,1,constituency,96161,90090,2335,3736
สกลนคร,2,constituency,88996,83880,3317,1799
สกลนคร,3,constituency,86140,78470,4110,3560
สกลนคร,4,constituency,83327,75903,3434,3990
สกลนคร,5,constituency,83538,79654,2233,1651
สกลนคร,6,constituency,80511,75062,3189,2260
สกลนคร,7,constituency,76157,71830,2799,1528
นครพนม,1,constituency,98499,94537,2636,1326
นครพนม,2,constituency,94215,85967,4001,4247
นครพนม,3,constituency,94066,88863,2983,2220
นครพนม,4,constituency,96215,92181,2349,1685
มุกดาหาร,1,constituency,104804,98985,3140,2679
มุกดาหาร,2,constituency,100884,94225,3958,2701
เชียงใหม่,1,constituency,103006,93695,2478,6833
เชียงใหม่,2,constituency,113528,101324,3485,8719
เชียงใหม่,3,constituency,111503,99756,3901,7846
เชียงใหม่,4,constituency,115490,105843,2757,6890
เชียงใหม่,5,constituency,102641,91933,4379,6329
เชียงใหม่,6,constituency,91404,81574,6347,3483
เชียงใหม่,7,constituency,98463,90578,4708,3177
เชียงใหม่,8,constituency,116389,106179,3774,6436
เชียงใหม่,9,constituency,105624,96198,5953,3473
เชียงใหม่,10,constituency,91752,80699,9656,1397
ลำพูน,1,constituency,140617,125326,5765,9526
ลำพูน,2,constituency,131679,116879,7568,7232
ลำปาง,1,constituency,112100,98457,4665,8978
ลำปาง,2,constituency,111667,98377,7842,5448
ลำปาง,3,constituency,112970,100661,4528,7781
ลำปาง,4,constituency,115740,104442,6630,4668
อุตรดิตถ์,1,constituency,87587,80546,3470,3571
อุตรดิตถ์,2,constituency,83114,74992,3780,4342
อุตรดิตถ์,3,constituency,84565,74882,4781,4902
แพร่,1,constituency,98225,92581,2743,2901
แพร่,2,constituency,88953,83283,3325,2345
แพร่,3,constituency,84246,73590,6065,4591
น่าน,1,constituency,107125,95619,4395,7111
น่าน,2,constituency,98561,90486,3523,4552
น่าน,3,constituency,89542,79242,5479,4820
พะเยา,1,constituency,94639,91545,2995,4013
พะเยา,2,constituency,96038,88518,4097,3423
พะเยา,3,constituency,97854,89651,4715,3488
เชียงราย,1,constituency,109317,98917,3599,6801
เชียงราย,2,constituency,100731,88811,6400,5520
เชียงราย,3,constituency,104922,91475,8431,5016
เชียงราย,4,constituency,107048,95195,6117,5736
เชียงราย,5,constituency,99604,91365,4742,3497
เชียงราย,6,constituency,85892,76481,5544,3867
เชียงราย,7,constituency,97669,89036,4487,4146
แม่ฮ่องสอน,1,constituency,68159,61134,3932,3093
แม่ฮ่องสอน,2,constituency,74409,67196,5450,1763
นครสวรรค์,1,constituency,99113,90110,3488,5515
นครสวรรค์,2,constituency,104185,96984,3889,3312
นครสวรรค์,3,constituency,100028,90997,4841,4190
นครสวรรค์,4,constituency,92413,83748,5325,3340
นครสวรรค์,5,constituency,94811,87228,4280,3303
นครสวรรค์,6,constituency,90286,85258,3439,1589
อุทัยธานี,1,constituency,84560,76524,3381,4655
อุทัยธานี,2,constituency,83898,77470,3461,2967
กำแพงเพชร,1,constituency,101442,90911,5247,5281
กำแพงเพชร,2,constituency,105321,97504,4752,3065
กำแพงเพชร,3,constituency,91355,83994,4217,3144
กำแพงเพชร,4,constituency,93620,86283,4444,2893
ตาก,1,constituency,105329,96390,3819,5119
ตาก,2,constituency,89186,61640,9782,17764
ตาก,3,constituency,96512,85954,7567,2991
สุโขทัย,1,constituency,84340,74658,4044,5638
สุโขทัย,2,constituency,78246,71207,3646,3393
สุโขทัย,3,constituency,83731,73310,4615,5806
สุโขทัย,4,constituency,87668,82780,2915,1973
พิษณุโลก,1,constituency,99468,89782,3147,6539
พิษณุโลก,2,constituency,101319,88246,5057,8016
พิษณุโลก,3,constituency,94938,87798,4233,2907
พิษณุโลก,4,constituency,94492,88736,3345,2411
พิษณุโลก,5,constituency,94537,87172,4367,2998
พิจิตร,1,constituency,100830,91069,5082,4679
พิจิตร,2,constituency,91079,83178,4341,3559
พิจิตร,3,constituency,100598,94660,3740,2197
เพชรบูรณ์,1,constituency,88736,80633,3607,4494
เพชรบูรณ์,2,constituency,100198,95529,2599,2070
เพชรบูรณ์,3,constituency,92278,85510,3669,3099
เพชรบูรณ์,4,constituency,78124,72394,3038,2692
เพชรบูรณ์,5,constituency,81841,73475,5215,3151
เพชรบูรณ์,6,constituency,87505,81129,3705,2571
ราชบุรี,1,constituency,106701,97874,3438,5389
ราชบุรี,2,constituency,101443,89818,5088,6537
ราชบุรี,3,constituency,115223,96267,5970,8286
ราชบุรี,4,constituency,112928,107579,2805,2544
ราชบุรี,5,constituency,114688,108560,3139,2989
กาญจนบุรี,1,constituency,96564,85850,3815,6899
กาญจนบุรี,2,constituency,103736,97680,2899,3157
กาญจนบุรี,3,constituency,113958,107950,3604,2404
กาญจนบุรี,4,constituency,93526,82897,5654,4975
กาญจนบุรี,5,constituency,89052,82962,4176,1914
สุพรรณบุรี,1,constituency,102476,94634,3079,4763
สุพรรณบุรี,2,constituency,91578,84520,3540,3518
สุพรรณบุรี,3,constituency,106772,101452,3416,1904
สุพรรณบุรี,4,constituency,99626,90996,4733,3897
สุพรรณบุรี,5,constituency,108630,98539,4594,5497
นครปฐม,1,constituency,104422,95931,3661,4830
นครปฐม,2,constituency,96412,88517,2543,5352
นครปฐม,3,constituency,91278,83624,3137,4517
นครปฐม,4,constituency,105127,97930,3676,3521
นครปฐม,5,constituency,107208,99742,2927,4539
นครปฐม,6,constituency,97368,89774,2391,5203
สมุทรสาคร,1,constituency,88046,80970,2423,4653
สมุทรสาคร,2,constituency,85606,78050,3179,4377
สมุทรสาคร,3,constituency,81870,74704,3218,3948
สมุทรสาคร,4,constituency,84850,78327,2625,3898
สมุทรสงคราม,1,constituency,113409,101938,4534,6937
เพชรบุรี,1,constituency,99383,89618,3957,5808
เพชรบุรี,2,constituency,105819,95907,4694,5218
เพชรบุรี,3,constituency,103294,95005,3789,4500
ประจวบคีรีขันธ์,1,constituency,118298,112249,3405,2643
ประจวบคีรีขันธ์,2,constituency,103565,96454,2709,4402
ประจวบคีรีขันธ์,3,constituency,103420,98409,2641,2370
นครศรีธรรมราช,1,constituency,99799,91623,3036,5139
นครศรีธรรมราช,2,constituency,100576,91714,2927,5935
นครศรีธรรมราช,3,constituency,98207,93045,2694,2468
นครศรีธรรมราช,4,constituency,103162,97047,2383,3732
นครศรีธรรมราช,5,constituency,106726,100294,2074,4347
นครศรีธรรมราช,6,constituency,105027,100028,2007,2992
นครศรีธรรมราช,7,constituency,99078,82744,5096,11238
นครศรีธรรมราช,8,constituency,99928,92847,2720,4361
นครศรีธรรมราช,9,constituency,102098,96071,2693,3334
กระบี่,1,constituency,97431,90061,2723,4647
กระบี่,2,constituency,86116,78999,2599,4518
กระบี่,3,constituency,94677,87853,2937,3887
พังงา,1,constituency,74406,66345,2919,5142
พังงา,2,constituency,83093,75502,2845,4746
ภูเก็ต,1,constituency,72889,66360,1916,4613
ภูเก็ต,2,constituency,71865,63459,3012,5394
ภูเก็ต,3,constituency,82182,75128,2121,4933
สุราษฎร์ธานี,1,constituency,83141,76258,1679,5204
สุราษฎร์ธานี,2,constituency,86508,81419,2109,2980
สุราษฎร์ธานี,3,constituency,94207,88689,2218,3300
สุราษฎร์ธานี,4,constituency,98789,94443,1886,2460
สุราษฎร์ธานี,5,constituency,93476,88782,2140,2954
สุราษฎร์ธานี,6,constituency,102222,98147,2256,1819
สุราษฎร์ธานี,7,constituency,96637,92005,1980,2652
ระนอง,1,constituency,96299,83719,4782,7798
ชุมพร,1,constituency,104168,96247,2480,5441
ชุมพร,2,constituency,107786,101248,2763,3775
ชุมพร,3,constituency,101287,94965,2633,3689
สงขลา,1,constituency,97311,86955,2926,7430
สงขลา,2,constituency,82759,78663,1411,2685
สงขลา,3,constituency,105979,93176,3394,9408
สงขลา,4,constituency,101440,95854,2640,2946
สงขลา,5,constituency,104525,93808,3913,6804
สงขลา,6,constituency,93834,88960,2352,2522
สงขลา,7,constituency,98801,93120,2797,2884
สงขลา,8,constituency,99959,94569,2563,2827
สงขลา,9,constituency,110450,100486,3170,6794
สตูล,1,constituency,88455,81311,2515,4629
สตูล,2,constituency,99320,90555,3158,5607
ตรัง,1,constituency,99277,90521,2166,6590
ตรัง,2,constituency,101194,95121,2259,3814
ตรัง,3,constituency,95235,88101,2502,4632
ตรัง,4,constituency,99517,93671,2120,3726
พัทลุง,1,constituency,113867,108788,2001,3078
พัทลุง,2,constituency,122372,117079,2430,2863
พัทลุง,3,constituency,116554,108849,3271,4434
ปัตตานี,1,constituency,74215,69214,2134,2867
ปัตตานี,2,constituency,81515,75926,2861,2728
ปัตตานี,3,constituency,70192,65804,2632,1756
ปัตตานี,4,constituency,83822,80409,2222,1191
ปัตตานี,5,constituency,78514,73268,3279,1967
ยะลา,1,constituency,98981,90522,3077,5382
ยะลา,2,constituency,96577,87642,5217,3718
ยะลา,3,constituency,95519,86878,4180,4461
นราธิวาส,1,constituency,99498,93825,2822,2851
นราธิวาส,2,constituency,77970,70635,3460,3875
นราธิวาส,3,constituency,82910,79299,2416,1195
นราธิวาส,4,constituency,86855,83440,2350,1065
นราธิวาส,5,constituency,93603,88775,3121,1707
